[
   {
      "common": {
         "type": "channel",
         "id": "bq5ame6g10l3jia3h0ng",
         "name": "CoJam.Shop",
         "desc": "",
         "style": "static",
         "state": 0,
         "blocked": false,
         "at_created": "2022-05-02T16:40:29.544676+09:00",
         "at_used": "2022-06-15T09:24:24.013306099+09:00",
         "at_updated": "0001-01-01T00:00:00Z",
         "at_expired": "0001-01-01T00:00:00Z"
      },
      "metric": {},
      "stream_key": "",
      "record_auto": false,
      "record_state": 0,
      "trans_auto": false,
      "trans_state": 0
   },
   {
      "common": {
         "type": "channel",
         "id": "bq5an4ug10l3jia3h0o0",
         "name": "CoJam.Work",
         "desc": "",
         "style": "static",
         "state": 0,
         "blocked": false,
         "at_created": "2022-05-02T16:40:29.544677+09:00",
         "at_used": "2022-06-15T09:24:24.013307767+09:00",
         "at_updated": "0001-01-01T00:00:00Z",
         "at_expired": "0001-01-01T00:00:00Z"
      },
      "metric": {},
      "stream_key": "",
      "record_auto": false,
      "record_state": 0,
      "trans_auto": false,
      "trans_state": 0
   },
   {
      "common": {
         "type": "channel",
         "id": "bq9cfimg10la20cbrgp0",
         "name": "Movie",
         "desc": "",
         "style": "static",
         "state": 0,
         "blocked": false,
         "at_created": "2022-05-02T16:40:29.544678+09:00",
         "at_used": "2022-06-15T09:24:24.013308386+09:00",
         "at_updated": "0001-01-01T00:00:00Z",
         "at_expired": "0001-01-01T00:00:00Z"
      },
      "metric": {},
      "stream_key": "",
      "record_auto": false,
      "record_state": 0,
      "trans_auto": false,
      "trans_state": 0
   },
   {
      "common": {
         "type": "channel",
         "id": "bqfp3kug10l847ovg8e0",
         "name": "Bridge",
         "desc": "",
         "style": "static",
         "state": 0,
         "blocked": false,
         "at_created": "2022-05-02T16:40:29.544678+09:00",
         "at_used": "2022-06-15T09:24:24.013308844+09:00",
         "at_updated": "0001-01-01T00:00:00Z",
         "at_expired": "0001-01-01T00:00:00Z"
      },
      "metric": {},
      "stream_key": "",
      "record_auto": false,
      "record_state": 0,
      "trans_auto": false,
      "trans_state": 0
   },
   {
      "common": {
         "type": "channel",
         "id": "bqfql36g10l08kkt23hg",
         "name": "CCTV",
         "desc": "",
         "style": "static",
         "state": 0,
         "blocked": true,
         "at_created": "2022-05-02T16:40:29.544678+09:00",
         "at_used": "2022-06-15T09:24:24.013309306+09:00",
         "at_updated": "0001-01-01T00:00:00Z",
         "at_expired": "0001-01-01T00:00:00Z"
      },
      "metric": {},
      "stream_key": "",
      "record_auto": false,
      "record_state": 0,
      "trans_auto": false,
      "trans_state": 0
   },
   {
      "common": {
         "type": "channel",
         "id": "bqjn93ug10l50ei3qgf0",
         "name": "Route",
         "desc": "",
         "style": "static",
         "state": 0,
         "blocked": false,
         "at_created": "2022-05-02T16:40:29.544678+09:00",
         "at_used": "2022-06-15T09:24:24.013309749+09:00",
         "at_updated": "0001-01-01T00:00:00Z",
         "at_expired": "0001-01-01T00:00:00Z"
      },
      "metric": {},
      "stream_key": "",
      "record_auto": false,
      "record_state": 0,
      "trans_auto": false,
      "trans_state": 0
   },
   {
      "common": {
         "type": "channel",
         "id": "bqjnm1ug10l56dm26es0",
         "name": "CoJam.Study",
         "desc": "",
         "style": "static",
         "state": 0,
         "blocked": false,
         "at_created": "2022-05-02T16:40:29.544678+09:00",
         "at_used": "2022-06-15T09:24:24.013310171+09:00",
         "at_updated": "0001-01-01T00:00:00Z",
         "at_expired": "0001-01-01T00:00:00Z"
      },
      "metric": {},
      "stream_key": "",
      "record_auto": false,
      "record_state": 0,
      "trans_auto": false,
      "trans_state": 0
   },
   {
      "common": {
         "type": "channel",
         "id": "bqjnn7mg10l575d6ns3g",
         "name": "CoJam.TV",
         "desc": "",
         "style": "static",
         "state": 0,
         "blocked": false,
         "at_created": "2022-05-02T16:40:29.544679+09:00",
         "at_used": "2022-06-15T09:24:24.013310707+09:00",
         "at_updated": "0001-01-01T00:00:00Z",
         "at_expired": "0001-01-01T00:00:00Z"
      },
      "metric": {},
      "stream_key": "",
      "record_auto": false,
      "record_state": 0,
      "trans_auto": false,
      "trans_state": 0
   },
   {
      "common": {
         "type": "channel",
         "id": "bsgns46g10l9na4ni75g",
         "name": "Radio",
         "desc": "",
         "style": "static",
         "state": 0,
         "blocked": true,
         "at_created": "2022-05-02T16:40:29.544679+09:00",
         "at_used": "2022-06-15T09:24:24.01331117+09:00",
         "at_updated": "0001-01-01T00:00:00Z",
         "at_expired": "0001-01-01T00:00:00Z"
      },
      "metric": {},
      "stream_key": "",
      "record_auto": false,
      "record_state": 0,
      "trans_auto": false,
      "trans_state": 0
   },
   {
      "common": {
         "type": "channel",
         "id": "btlb3pjpc98lsdbc0lj0",
         "name": "ImageFile",
         "desc": "",
         "style": "static",
         "state": 0,
         "blocked": false,
         "at_created": "2022-05-02T16:40:29.544682+09:00",
         "at_used": "2022-06-15T09:24:24.013312766+09:00",
         "at_updated": "0001-01-01T00:00:00Z",
         "at_expired": "0001-01-01T00:00:00Z"
      },
      "metric": {},
      "stream_key": "",
      "record_auto": false,
      "record_state": 0,
      "trans_auto": false,
      "trans_state": 0
   },
   {
      "common": {
         "type": "channel",
         "id": "c3r8l3g6n88ieapckle0",
         "name": "TeamGRIT.Lab",
         "desc": "",
         "style": "static",
         "state": 0,
         "blocked": false,
         "at_created": "2022-05-02T16:40:29.544683+09:00",
         "at_used": "2022-06-15T09:24:24.013313674+09:00",
         "at_updated": "0001-01-01T00:00:00Z",
         "at_expired": "0001-01-01T00:00:00Z"
      },
      "metric": {},
      "stream_key": "",
      "record_auto": false,
      "record_state": 0,
      "trans_auto": false,
      "trans_state": 0
   },
   {
      "common": {
         "type": "channel",
         "id": "c3rl3c86n88jq9lrl3gg",
         "name": "LegoMars-1",
         "desc": "",
         "style": "static",
         "state": 0,
         "blocked": false,
         "at_created": "2022-05-02T16:40:29.544683+09:00",
         "at_used": "2022-06-15T09:24:24.013314133+09:00",
         "at_updated": "0001-01-01T00:00:00Z",
         "at_expired": "0001-01-01T00:00:00Z"
      },
      "metric": {},
      "stream_key": "",
      "record_auto": false,
      "record_state": 0,
      "trans_auto": false,
      "trans_state": 0
   },
   {
      "common": {
         "type": "channel",
         "id": "c3rl3f86n88jq9lrl3hg",
         "name": "LegoMars-2",
         "desc": "",
         "style": "static",
         "state": 0,
         "blocked": false,
         "at_created": "2022-05-02T16:40:29.544683+09:00",
         "at_used": "2022-06-15T09:24:24.013314636+09:00",
         "at_updated": "0001-01-01T00:00:00Z",
         "at_expired": "0001-01-01T00:00:00Z"
      },
      "metric": {},
      "stream_key": "",
      "record_auto": false,
      "record_state": 0,
      "trans_auto": false,
      "trans_state": 0
   },
   {
      "common": {
         "type": "channel",
         "id": "c3rl3jg6n88jq9lrl3ig",
         "name": "LegoMars-3",
         "desc": "",
         "style": "static",
         "state": 0,
         "blocked": false,
         "at_created": "2022-05-02T16:40:29.544683+09:00",
         "at_used": "2022-06-15T09:24:24.013315079+09:00",
         "at_updated": "0001-01-01T00:00:00Z",
         "at_expired": "0001-01-01T00:00:00Z"
      },
      "metric": {},
      "stream_key": "",
      "record_auto": false,
      "record_state": 0,
      "trans_auto": false,
      "trans_state": 0
   },
   {
      "common": {
         "type": "channel",
         "id": "c3rl3l06n88jq9lrl3jg",
         "name": "LegoMars-4",
         "desc": "",
         "style": "static",
         "state": 0,
         "blocked": false,
         "at_created": "2022-05-02T16:40:29.544685+09:00",
         "at_used": "2022-06-15T09:24:24.013318422+09:00",
         "at_updated": "0001-01-01T00:00:00Z",
         "at_expired": "0001-01-01T00:00:00Z"
      },
      "metric": {},
      "stream_key": "",
      "record_auto": false,
      "record_state": 0,
      "trans_auto": false,
      "trans_state": 0
   },
   {
      "common": {
         "type": "channel",
         "id": "c3rl3to6n88jq9lrl3lg",
         "name": "LegoMars-5",
         "desc": "",
         "style": "static",
         "state": 0,
         "blocked": false,
         "at_created": "2022-05-02T16:40:29.544685+09:00",
         "at_used": "2022-06-15T09:24:24.013318893+09:00",
         "at_updated": "0001-01-01T00:00:00Z",
         "at_expired": "0001-01-01T00:00:00Z"
      },
      "metric": {},
      "stream_key": "",
      "record_auto": false,
      "record_state": 0,
      "trans_auto": false,
      "trans_state": 0
   },
   {
      "common": {
         "type": "channel",
         "id": "c3rl4006n88jq9lrl3mg",
         "name": "LegoMars-6",
         "desc": "",
         "style": "static",
         "state": 0,
         "blocked": false,
         "at_created": "2022-05-02T16:40:29.544685+09:00",
         "at_used": "2022-06-15T09:24:24.013319317+09:00",
         "at_updated": "0001-01-01T00:00:00Z",
         "at_expired": "0001-01-01T00:00:00Z"
      },
      "metric": {},
      "stream_key": "",
      "record_auto": false,
      "record_state": 0,
      "trans_auto": false,
      "trans_state": 0
   },
   {
      "common": {
         "type": "channel",
         "id": "c3rl4286n88jq9lrl3ng",
         "name": "LegoMars-7",
         "desc": "",
         "style": "static",
         "state": 0,
         "blocked": false,
         "at_created": "2022-05-02T16:40:29.544685+09:00",
         "at_used": "2022-06-15T09:24:24.013319745+09:00",
         "at_updated": "0001-01-01T00:00:00Z",
         "at_expired": "0001-01-01T00:00:00Z"
      },
      "metric": {},
      "stream_key": "",
      "record_auto": false,
      "record_state": 0,
      "trans_auto": false,
      "trans_state": 0
   },
   {
      "common": {
         "type": "channel",
         "id": "c3rl43o6n88jq9lrl3og",
         "name": "LegoMars-8",
         "desc": "",
         "style": "static",
         "state": 0,
         "blocked": false,
         "at_created": "2022-05-02T16:40:29.544685+09:00",
         "at_used": "2022-06-15T09:24:24.013320181+09:00",
         "at_updated": "0001-01-01T00:00:00Z",
         "at_expired": "0001-01-01T00:00:00Z"
      },
      "metric": {},
      "stream_key": "",
      "record_auto": false,
      "record_state": 0,
      "trans_auto": false,
      "trans_state": 0
   },
   {
      "common": {
         "type": "channel",
         "id": "c3rl4586n88jq9lrl3pg",
         "name": "LegoMars-9",
         "desc": "",
         "style": "static",
         "state": 0,
         "blocked": false,
         "at_created": "2022-05-02T16:40:29.544686+09:00",
         "at_used": "2022-06-15T09:24:24.01332058+09:00",
         "at_updated": "0001-01-01T00:00:00Z",
         "at_expired": "0001-01-01T00:00:00Z"
      },
      "metric": {},
      "stream_key": "",
      "record_auto": false,
      "record_state": 0,
      "trans_auto": false,
      "trans_state": 0
   },
   {
      "common": {
         "type": "channel",
         "id": "c40hikmpjh65aeq6ndh0",
         "name": "DongJin,Kim",
         "desc": "",
         "style": "static",
         "state": 0,
         "blocked": false,
         "at_created": "2022-05-02T16:40:29.544686+09:00",
         "at_used": "2022-06-15T09:24:24.013320998+09:00",
         "at_updated": "0001-01-01T00:00:00Z",
         "at_expired": "0001-01-01T00:00:00Z"
      },
      "metric": {},
      "stream_key": "",
      "record_auto": false,
      "record_state": 0,
      "trans_auto": false,
      "trans_state": 0
   },
   {
      "common": {
         "type": "channel",
         "id": "c40hin6pjh65aeq6ndi0",
         "name": "JaeHwan,Kim",
         "desc": "",
         "style": "static",
         "state": 0,
         "blocked": false,
         "at_created": "2022-05-02T16:40:29.544686+09:00",
         "at_used": "2022-06-15T09:24:24.013321533+09:00",
         "at_updated": "0001-01-01T00:00:00Z",
         "at_expired": "0001-01-01T00:00:00Z"
      },
      "metric": {},
      "stream_key": "",
      "record_auto": false,
      "record_state": 0,
      "trans_auto": false,
      "trans_state": 0
   },
   {
      "common": {
         "type": "channel",
         "id": "c40hipepjh65aeq6ndj0",
         "name": "SooYoung,Kim",
         "desc": "",
         "style": "static",
         "state": 0,
         "blocked": false,
         "at_created": "2022-05-02T16:40:29.544686+09:00",
         "at_used": "2022-06-15T09:24:24.013322175+09:00",
         "at_updated": "0001-01-01T00:00:00Z",
         "at_expired": "0001-01-01T00:00:00Z"
      },
      "metric": {},
      "stream_key": "",
      "record_auto": false,
      "record_state": 0,
      "trans_auto": true,
      "trans_state": 0
   },
   {
      "common": {
         "type": "channel",
         "id": "c40hp6epjh65aeq6ne50",
         "name": "SungIl,Kang",
         "desc": "",
         "style": "static",
         "state": 0,
         "blocked": false,
         "at_created": "2022-05-02T16:40:29.544687+09:00",
         "at_used": "2022-06-15T09:24:24.013322639+09:00",
         "at_updated": "0001-01-01T00:00:00Z",
         "at_expired": "0001-01-01T00:00:00Z"
      },
      "metric": {},
      "stream_key": "",
      "record_auto": false,
      "record_state": 0,
      "trans_auto": true,
      "trans_state": 0
   },
   {
      "common": {
         "type": "channel",
         "id": "c40i40upjh62aijsthsg",
         "name": "JooChan,Park",
         "desc": "",
         "style": "static",
         "state": 0,
         "blocked": false,
         "at_created": "2022-05-02T16:40:29.544687+09:00",
         "at_used": "2022-06-15T09:24:24.013323064+09:00",
         "at_updated": "0001-01-01T00:00:00Z",
         "at_expired": "0001-01-01T00:00:00Z"
      },
      "metric": {},
      "stream_key": "",
      "record_auto": false,
      "record_state": 0,
      "trans_auto": false,
      "trans_state": 0
   },
   {
      "common": {
         "type": "channel",
         "id": "c43ntoo6n88qogc7r380",
         "name": "SiHyun,Moon",
         "desc": "",
         "style": "static",
         "state": 0,
         "blocked": false,
         "at_created": "2022-05-02T16:40:29.544687+09:00",
         "at_used": "2022-06-15T09:24:24.013323487+09:00",
         "at_updated": "0001-01-01T00:00:00Z",
         "at_expired": "0001-01-01T00:00:00Z"
      },
      "metric": {},
      "stream_key": "",
      "record_auto": false,
      "record_state": 0,
      "trans_auto": false,
      "trans_state": 0
   },
   {
      "common": {
         "type": "channel",
         "id": "c44ersg6n88ud21av5i0",
         "name": "HyunSang,Park",
         "desc": "",
         "style": "static",
         "state": 0,
         "blocked": false,
         "at_created": "2022-05-02T16:40:29.544687+09:00",
         "at_used": "2022-06-15T09:24:24.013323918+09:00",
         "at_updated": "0001-01-01T00:00:00Z",
         "at_expired": "0001-01-01T00:00:00Z"
      },
      "metric": {},
      "stream_key": "",
      "record_auto": false,
      "record_state": 0,
      "trans_auto": false,
      "trans_state": 0
   },
   {
      "common": {
         "type": "channel",
         "id": "c59hnot94817n3gg4pdg",
         "name": "YunBum,Baek",
         "desc": "",
         "style": "static",
         "state": 0,
         "blocked": false,
         "at_created": "2022-05-02T16:40:29.544689+09:00",
         "at_used": "2022-06-15T09:24:24.013326804+09:00",
         "at_updated": "0001-01-01T00:00:00Z",
         "at_expired": "0001-01-01T00:00:00Z"
      },
      "metric": {},
      "stream_key": "",
      "record_auto": false,
      "record_state": 0,
      "trans_auto": false,
      "trans_state": 0
   },
   {
      "common": {
         "type": "channel",
         "id": "c5b65ht94816ij7k0ae0",
         "name": "MinSuk,Kang",
         "desc": "",
         "style": "static",
         "state": 0,
         "blocked": false,
         "at_created": "2022-05-02T16:40:29.544689+09:00",
         "at_used": "2022-06-15T09:24:24.013327916+09:00",
         "at_updated": "0001-01-01T00:00:00Z",
         "at_expired": "0001-01-01T00:00:00Z"
      },
      "metric": {},
      "stream_key": "",
      "record_auto": false,
      "record_state": 0,
      "trans_auto": false,
      "trans_state": 0
   },
   {
      "common": {
         "type": "channel",
         "id": "c5id4ol94818vov5m3ng",
         "name": "SeoungJong,Kim",
         "desc": "",
         "style": "static",
         "state": 0,
         "blocked": false,
         "at_created": "2022-05-02T16:40:29.54469+09:00",
         "at_used": "2022-06-15T09:24:24.013328364+09:00",
         "at_updated": "0001-01-01T00:00:00Z",
         "at_expired": "0001-01-01T00:00:00Z"
      },
      "metric": {},
      "stream_key": "",
      "record_auto": false,
      "record_state": 0,
      "trans_auto": true,
      "trans_state": 0
   },
   {
      "common": {
         "type": "channel",
         "id": "c5jqdgcbcv41909p63g0",
         "name": "HeeJun.Lee",
         "desc": "",
         "style": "static",
         "state": 0,
         "blocked": false,
         "at_created": "2022-05-02T16:40:29.54469+09:00",
         "at_used": "2022-06-15T09:24:24.013328788+09:00",
         "at_updated": "0001-01-01T00:00:00Z",
         "at_expired": "0001-01-01T00:00:00Z"
      },
      "metric": {},
      "stream_key": "",
      "record_auto": false,
      "record_state": 0,
      "trans_auto": false,
      "trans_state": 0
   },
   {
      "common": {
         "type": "channel",
         "id": "ca6s906pjh63qlu2ahh0",
         "name": "SeungHa,Nam",
         "desc": "",
         "style": "static",
         "state": 1,
         "blocked": false,
         "at_created": "2022-05-25T05:54:08.094687643Z",
         "at_used": "2022-06-15T10:32:16.828411392+09:00",
         "at_updated": "0001-01-01T00:00:00Z",
         "at_expired": "0001-01-01T00:00:00Z"
      },
      "metric": {
         "in_bytes": 3553481450,
         "out_bytes": 706698565
      },
      "stream_key": "",
      "record_auto": false,
      "record_state": 0,
      "trans_auto": false,
      "trans_state": 0
   },
   {
      "common": {
         "type": "channel",
         "id": "ca6ve0fafa3hrd561qag",
         "name": "HeeSuk.Park",
         "desc": "",
         "style": "static",
         "state": 0,
         "blocked": false,
         "at_created": "2022-05-25T18:29:37.745559+09:00",
         "at_used": "2022-06-15T09:24:24.013329654+09:00",
         "at_updated": "0001-01-01T00:00:00Z",
         "at_expired": "0001-01-01T00:00:00Z"
      },
      "metric": {},
      "stream_key": "",
      "record_auto": false,
      "record_state": 0,
      "trans_auto": false,
      "trans_state": 0
   },
   {
      "common": {
         "type": "channel",
         "id": "ca6ve4vafa3hrd561qcg",
         "name": "HaEun.Yu",
         "desc": "",
         "style": "static",
         "state": 0,
         "blocked": false,
         "at_created": "2022-05-25T18:29:55.497382+09:00",
         "at_used": "2022-06-15T09:24:24.013332838+09:00",
         "at_updated": "0001-01-01T00:00:00Z",
         "at_expired": "0001-01-01T00:00:00Z"
      },
      "metric": {},
      "stream_key": "",
      "record_auto": false,
      "record_state": 0,
      "trans_auto": false,
      "trans_state": 0
   },
   {
      "common": {
         "type": "channel",
         "id": "ca6veivafa3hrd561qe0",
         "name": "YuJi.Park",
         "desc": "",
         "style": "static",
         "state": 0,
         "blocked": false,
         "at_created": "2022-05-25T18:30:51.65234+09:00",
         "at_used": "2022-06-15T09:24:24.0133333+09:00",
         "at_updated": "0001-01-01T00:00:00Z",
         "at_expired": "0001-01-01T00:00:00Z"
      },
      "metric": {},
      "stream_key": "",
      "record_auto": false,
      "record_state": 0,
      "trans_auto": false,
      "trans_state": 0
   },
   {
      "common": {
         "type": "channel",
         "id": "ca6ven7afa3hrd561qf0",
         "name": "GiNa.Jung",
         "desc": "",
         "style": "static",
         "state": 0,
         "blocked": false,
         "at_created": "2022-05-25T18:31:08.333751+09:00",
         "at_used": "2022-06-15T09:24:24.013333738+09:00",
         "at_updated": "0001-01-01T00:00:00Z",
         "at_expired": "0001-01-01T00:00:00Z"
      },
      "metric": {},
      "stream_key": "",
      "record_auto": false,
      "record_state": 0,
      "trans_auto": false,
      "trans_state": 0
   },
   {
      "common": {
         "type": "channel",
         "id": "ca6vfkvafa3hrvudr1ug",
         "name": "KiRyeung.Kim",
         "desc": "",
         "style": "static",
         "state": 0,
         "blocked": false,
         "at_created": "2022-05-25T18:33:07.133215+09:00",
         "at_used": "2022-06-15T09:24:24.013334172+09:00",
         "at_updated": "0001-01-01T00:00:00Z",
         "at_expired": "0001-01-01T00:00:00Z"
      },
      "metric": {},
      "stream_key": "",
      "record_auto": false,
      "record_state": 0,
      "trans_auto": false,
      "trans_state": 0
   },
   {
      "common": {
         "type": "channel",
         "id": "cakjdd4k058s72qr0prg",
         "name": "MasCamera-1",
         "desc": "",
         "style": "static",
         "state": 0,
         "blocked": false,
         "at_created": "2022-06-15T10:32:36.766782013+09:00",
         "at_used": "2022-06-15T10:32:36.766782013+09:00",
         "at_updated": "0001-01-01T00:00:00Z",
         "at_expired": "0001-01-01T00:00:00Z"
      },
      "metric": {},
      "stream_key": "",
      "record_auto": false,
      "record_state": 0,
      "trans_auto": false,
      "trans_state": 0
   },
   {
      "common": {
         "type": "channel",
         "id": "cakjdgsk058s72qr0psg",
         "name": "MasCamera-2",
         "desc": "",
         "style": "static",
         "state": 0,
         "blocked": false,
         "at_created": "2022-06-15T10:32:51.934756963+09:00",
         "at_used": "2022-06-15T10:32:51.934756963+09:00",
         "at_updated": "0001-01-01T00:00:00Z",
         "at_expired": "0001-01-01T00:00:00Z"
      },
      "metric": {},
      "stream_key": "",
      "record_auto": false,
      "record_state": 0,
      "trans_auto": false,
      "trans_state": 0
   },
   {
      "common": {
         "type": "channel",
         "id": "cakjdjck058s72qr0ptg",
         "name": "MasCamera-3",
         "desc": "",
         "style": "static",
         "state": 0,
         "blocked": false,
         "at_created": "2022-06-15T10:33:01.607451806+09:00",
         "at_used": "2022-06-15T10:33:01.607451806+09:00",
         "at_updated": "0001-01-01T00:00:00Z",
         "at_expired": "0001-01-01T00:00:00Z"
      },
      "metric": {},
      "stream_key": "",
      "record_auto": false,
      "record_state": 0,
      "trans_auto": false,
      "trans_state": 0
   },
   {
      "common": {
         "type": "channel",
         "id": "cakjdmck058s72qr0pug",
         "name": "MasCamera-4",
         "desc": "",
         "style": "static",
         "state": 0,
         "blocked": false,
         "at_created": "2022-06-15T10:33:13.189848065+09:00",
         "at_used": "2022-06-15T10:33:13.189848065+09:00",
         "at_updated": "0001-01-01T00:00:00Z",
         "at_expired": "0001-01-01T00:00:00Z"
      },
      "metric": {},
      "stream_key": "",
      "record_auto": false,
      "record_state": 0,
      "trans_auto": false,
      "trans_state": 0
   }
]